rank,name,country_name,country_id,active,value
1,Ivo Karlovic,Croatia,CRO,false,82.69%
2,Goran Ivanisevic,Croatia,CRO,false,82.45%
3,Milos Raonic,Canada,CAN,false,81.45%
4,Richard Krajicek,Netherlands,NED,false,81.38%
5,Wayne Arthurs,Australia,AUS,false,81.22%
6,Pete Sampras,United States,USA,false,80.92%
7,Mark Philippoussis,Australia,AUS,false,80.04%
8,Greg Rusedski,United Kingdom,GBR,false,79.81%
9,Boris Becker,Germany,GER,false,79.39%
10,Joachim Johansson,Sweden,SWE,false,79.37%
11,Andy Roddick,United States,USA,false,79.36%
12,Reilly Opelka,United States,USA,true,79.21%
13,Sam Querrey,United States,USA,true,78.97%
14,John Isner,United States,USA,true,78.73%
15,Marc Kevin Goellner,Germany,GER,false,78.59%
16,Marc Rosset,Switzerland,SUI,false,78.54%
17,Chris Guccione,Australia,AUS,false,78.52%
18,Samuel Groth,Australia,AUS,false,78.23%
19,Michael Tebbutt,Australia,AUS,false,78.11%
20,Matteo Berrettini,Italy,ITA,true,78.05%
21,Gilles Muller,Luxembourg,LUX,false,78.02%
22,Michael Stich,Germany,GER,false,77.84%
23,Guy Forget,France,FRA,false,77.82%
24,Jo Wilfried Tsonga,France,FRA,true,77.66%
25,Nick Kyrgios,Australia,AUS,true,77.59%
26,Henrik Holm,Sweden,SWE,false,77.56%
27,Ivan Ljubicic,Croatia,CRO,false,77.52%
28,Roger Federer,Switzerland,SUI,true,77.39%
29,Mardy Fish,United States,USA,false,77.27%
30,Alex Radulescu,Germany,GER,false,77.04%
31,Kevin Anderson,South Africa,RSA,true,77.03%
32,Tomas Berdych,Czech Republic,CZE,false,76.95%
33,Marin Cilic,Croatia,CRO,true,76.91%
34,Jan Michael Gambill,United States,USA,false,76.57%
35,Alexander Bublik,Kazakhstan,KAZ,true,76.51%
36,Feliciano Lopez,Spain,ESP,true,76.33%
37,Gustavo Kuerten,Brazil,BRA,false,76.28%
38,Martin Verkerk,Netherlands,NED,false,76.20%
39,Thomas Johansson,Sweden,SWE,false,76.20%
40,Jonathan Stark,United States,USA,false,76.16%
41,Vasek Pospisil,Canada,CAN,true,76.12%
42,Kevin Curren,United States,USA,false,76.12%
43,Jan Lennard Struff,Germany,GER,true,76.05%
44,Stefanos Tsitsipas,Greece,GRE,true,76.00%
45,Max Mirnyi,Belarus,BLR,false,75.99%
46,Ivan Lendl,United States,USA,false,75.96%
47,Gregory Carraz,France,FRA,false,75.81%
48,Robin Soderling,Sweden,SWE,false,75.73%
49,Denis Shapovalov,Canada,CAN,true,75.70%
50,Thomas Enqvist,Sweden,SWE,false,75.70%
51,Patrick Rafter,Australia,AUS,false,75.64%
52,Marius Copil,Romania,ROU,true,75.62%
53,Daniil Medvedev,Russian Federation,RUS,true,75.58%
54,Thanasi Kokkinakis,Australia,AUS,true,75.55%
55,Todd Martin,United States,USA,false,75.55%
56,Mario Ancic,Croatia,CRO,false,75.54%
57,John McEnroe,United States,USA,false,75.48%
58,Marat Safin,Russian Federation,RUS,false,75.43%
59,Jamie Morgan,Australia,AUS,false,75.38%
60,Ernests Gulbis,Latvia,LAT,false,75.24%
61,Daniel Nestor,Canada,CAN,false,75.21%
62,Taylor Dent,United States,USA,false,75.19%
63,Steve Johnson,United States,USA,true,75.15%
64,Laurence Tieleman,Italy,ITA,false,75.14%
65,Martin Damm,Czech Republic,CZE,false,75.11%
66,Taylor Harry Fritz,United States,USA,true,75.11%
67,Arthur Rinderknech,France,FRA,true,75.06%
68,Felix Auger Aliassime,Canada,CAN,true,75.00%
69,Kenneth Carlsen,Denmark,DEN,false,74.96%
70,Bryan Shelton,United States,USA,false,74.89%
71,Jan Siemerink,Netherlands,NED,false,74.88%
72,Nicolas Kiefer,Germany,GER,false,74.84%
73,Nicolas Almagro,Spain,ESP,false,74.83%
74,Marcos Baghdatis,Cyprus,CYP,false,74.82%
75,Andrei Olhovskiy,Russian Federation,RUS,false,74.79%
76,Jerzy Janowicz,Poland,POL,false,74.73%
77,David Prinosil,Germany,GER,false,74.64%
78,Andrey Rublev,Russian Federation,RUS,true,74.58%
79,Alexandr Dolgopolov,Ukraine,UKR,false,74.56%
80,Agustin Calleri,Argentina,ARG,false,74.53%
81,Benjamin Becker,Germany,GER,false,74.53%
82,Wayne Ferreira,South Africa,RSA,false,74.52%
83,Tim Henman,United Kingdom,GBR,false,74.49%
84,Juan Martin Del Potro,Argentina,ARG,true,74.47%
85,Grigor Dimitrov,Bulgaria,BUL,true,74.44%
86,Andy Murray,United Kingdom,GBR,true,74.42%
87,Benoit Paire,France,FRA,true,74.42%
88,Alexander Zverev,Germany,GER,true,74.41%
89,Hubert Hurkacz,Poland,POL,true,74.40%
90,Gary Muller,South Africa,RSA,false,74.36%
91,Fernando Gonzalez,Chile,CHI,false,74.29%
92,Tommy Haas,Germany,GER,false,74.29%
93,Jim Courier,United States,USA,false,74.21%
94,Peter Wessels,Netherlands,NED,false,74.21%
95,Jens Knippschild,Germany,GER,false,74.21%
96,Brian Macphie,United States,USA,false,74.15%
97,Aljaz Bedene,Slovenia,SLO,true,74.11%
98,Peter Gojowczyk,Germany,GER,true,74.10%
99,Shuzo Matsuoka,Japan,JPN,false,74.09%
100,Daniele Bracciali,Italy,ITA,false,74.09%
101,Sandon Stolle,Australia,AUS,false,74.08%
102,Karsten Braasch,Germany,GER,false,74.08%
103,Richard Fromberg,Australia,AUS,false,74.06%
104,Philipp Petzschner,Germany,GER,false,74.03%
105,Henri Leconte,France,FRA,false,74.03%
106,Jeremy Chardy,France,FRA,false,74.01%
107,Daniel Vacek,Czech Republic,CZE,false,74.00%
108,Alexei Popyrin,Australia,AUS,true,74.00%
109,Lloyd George Muirhead Harris,South Africa,RSA,true,73.97%
110,Robert Kendrick,United States,USA,false,73.97%
111,Jakob Hlasek,Switzerland,SUI,false,73.95%
112,Alexander Mronz,Germany,GER,false,73.94%
113,Dominic Thiem,Austria,AUT,true,73.88%
114,Jared Donaldson,United States,USA,false,73.87%
115,Julien Boutter,France,FRA,false,73.82%
116,Dick Norman,Belgium,BEL,false,73.77%
117,Novak Djokovic,Serbia,SRB,true,73.76%
118,Pierre Hugues Herbert,France,FRA,true,73.74%
119,Jack Sock,United States,USA,true,73.73%
120,Stan Wawrinka,Switzerland,SUI,true,73.70%
121,Lleyton Hewitt,Australia,AUS,false,73.70%
122,Joern Renzenbrink,Germany,GER,false,73.68%
123,Patrik Kuhnen,Germany,GER,false,73.66%
124,Dustin Brown,Germany,GER,false,73.66%
125,David Wheaton,United States,USA,false,73.63%
126,Hendrik Dreekmann,Germany,GER,false,73.62%
127,Janko Tipsarevic,Serbia,SRB,false,73.61%
128,Paradorn Srichaphan,Thailand,THA,false,73.60%
129,Ugo Humbert,France,FRA,true,73.55%
130,Wesley Moodie,South Africa,RSA,false,73.54%
131,Omar Camporese,Italy,ITA,false,73.52%
132,Cedric Pioline,France,FRA,false,73.51%
133,Karen Khachanov,Russian Federation,RUS,true,73.48%
134,Michael Llodra,France,FRA,false,73.48%
135,Leonardo Mayer,Argentina,ARG,false,73.47%
136,Alexander Waske,Germany,GER,false,73.46%
137,Karel Novacek,Czech Republic,CZE,false,73.38%
138,Jacco Eltingh,Netherlands,NED,false,73.38%
139,Cyril Saulnier,France,FRA,false,73.32%
140,Yevgeny Kafelnikov,Russian Federation,RUS,false,73.32%
141,Nicolas Mahut,France,FRA,false,73.30%
142,Lucas Pouille,France,FRA,true,73.24%
143,Igor Sijsling,Netherlands,NED,false,73.21%
144,Nicolas Pereira,"Venezuela, Bolivarian Republic of",VEN,false,73.10%
145,Xavier Malisse,Belgium,BEL,false,73.09%
146,Tennys Sandgren,United States,USA,true,73.08%
147,Nicolas Jarry,Chile,CHI,true,73.06%
148,Stefan Edberg,Sweden,SWE,false,73.05%
149,Jason Stoltenberg,Australia,AUS,false,73.01%
150,Javier Frana,Argentina,ARG,false,72.97%
151,Gael Monfils,France,FRA,true,72.94%
152,Rajeev Ram,United States,USA,false,72.94%
153,Diego Nargiso,Italy,ITA,false,72.94%
154,Kyle Edmund,United Kingdom,GBR,true,72.94%
155,Younes El Aynaoui,Morocco,MAR,false,72.93%
156,Andre Agassi,United States,USA,false,72.93%
157,Jeff Morrison,United States,USA,false,72.91%
158,Ivan Navarro,Spain,ESP,false,72.89%
159,Richard Gasquet,France,FRA,true,72.88%
160,Magnus Larsson,Sweden,SWE,false,72.88%
161,Raemon Sluiter,Netherlands,NED,false,72.83%
162,James Duckworth,Australia,AUS,true,72.82%
163,Neville Godwin,South Africa,RSA,false,72.80%
164,Radek Stepanek,Czech Republic,CZE,false,72.76%
165,Nicolas Escude,France,FRA,false,72.76%
166,Dmitry Tursunov,Russian Federation,RUS,false,72.74%
167,Frank Dancevic,Canada,CAN,false,72.71%
168,James Blake,United States,USA,false,72.71%
169,Guillaume Raoux,France,FRA,false,72.70%
170,Daniel Brands,Germany,GER,false,72.70%
171,Lorenzo Sonego,Italy,ITA,true,72.65%
172,Thiemo De Bakker,Netherlands,NED,false,72.51%
173,Ivan Dodig,Croatia,CRO,false,72.49%
174,Scott Draper,Australia,AUS,false,72.46%
175,Justin Gimelstob,United States,USA,false,72.44%
176,Viktor Troicki,Serbia,SRB,false,72.41%
177,Jiri Vesely,Czech Republic,CZE,true,72.41%
178,Marc Gicquel,France,FRA,false,72.38%
179,Jim Grabb,United States,USA,false,72.34%
180,Amer Delic,Bosnia and Herzegovina,BIH,false,72.32%
181,Jose Acasuso,Argentina,ARG,false,72.28%
182,Ilya Ivashka,Belarus,BLR,true,72.27%
183,Brad Gilbert,United States,USA,false,72.26%
184,Lukas Rosol,Czech Republic,CZE,true,72.23%
185,Stefano Travaglia,Italy,ITA,true,72.21%
186,Botic Van De Zandschulp,Netherlands,NED,true,72.20%
187,Markus Zoecke,Germany,GER,false,72.20%
188,Rafael Nadal,Spain,ESP,true,72.19%
189,Nicklas Kulti,Sweden,SWE,false,72.13%
190,Grega Zemlja,Slovenia,SLO,false,72.12%
191,Sebastien Grosjean,France,FRA,false,72.11%
192,Casper Ruud,Norway,NOR,true,72.09%
193,Philipp Kohlschreiber,Germany,GER,true,72.09%
194,Antony Dupuis,France,FRA,false,72.09%
195,Borna Coric,Croatia,CRO,true,72.06%
196,Malivai Washington,United States,USA,false,72.01%
197,Egor Gerasimov,Belarus,BLR,true,71.94%
198,Karol Beck,Slovakia,SVK,false,71.92%
199,Anders Jarryd,Sweden,SWE,false,71.88%
200,Andreas Haider Maurer,Austria,AUT,false,71.88%
201,Robin Haase,Netherlands,NED,true,71.87%
202,Carlos Moya,Spain,ESP,false,71.86%
203,Magnus Norman,Sweden,SWE,false,71.84%
204,Paul Henri Mathieu,France,FRA,false,71.83%
205,Chris Woodruff,United States,USA,false,71.82%
206,Ryan Harrison,United States,USA,false,71.81%
207,Alexander Volkov,Russian Federation,RUS,false,71.78%
208,Jordi Burillo,Spain,ESP,false,71.72%
209,Matthias Bachinger,Germany,GER,false,71.71%
210,Petr Korda,Czech Republic,CZE,false,71.71%
211,Pat Cash,Australia,AUS,false,71.65%
212,Jannik Sinner,Italy,ITA,true,71.61%
213,Sergiy Stakhovsky,Ukraine,UKR,false,71.59%
214,Pablo Cuevas,Uruguay,URU,true,71.56%
215,Kenny De Schepper,France,FRA,false,71.55%
216,Michael Chang,United States,USA,false,71.55%
217,Gianluca Pozzi,Italy,ITA,false,71.54%
218,Michal Przysiezny,Poland,POL,false,71.53%
219,Grant Connell,Canada,CAN,false,71.52%
220,David Goffin,Belgium,BEL,true,71.49%
221,Andrei Medvedev,Ukraine,UKR,false,71.47%
222,Sebastien Lareau,Canada,CAN,false,71.37%
223,Andrey Kuznetsov,Russian Federation,RUS,true,71.31%
224,Marcelo Rios,Chile,CHI,false,71.29%
225,Andres Gomez,Ecuador,ECU,false,71.28%
226,Frances Tiafoe,United States,USA,true,71.26%
227,Dominik Hrbaty,Slovakia,SVK,false,71.24%
228,Ivo Heuberger,Switzerland,SUI,false,71.23%
229,Arnaud Boetsch,France,FRA,false,71.23%
230,Attila Savolt,Hungary,HUN,false,71.22%
231,Richey Reneberg,United States,USA,false,71.18%
232,Lukas Lacko,Slovakia,SVK,false,71.16%
233,Jerome Golmard,France,FRA,false,71.15%
234,Christian Saceanu,Germany,GER,false,71.14%
235,Mark Woodforde,Australia,AUS,false,71.13%
236,Martin Sinner,Germany,GER,false,71.11%
237,Bernard Tomic,Australia,AUS,false,71.10%
238,Guillermo Canas,Argentina,ARG,false,71.09%
239,Thiago Monteiro,Brazil,BRA,true,71.07%
240,Stephane Simian,France,FRA,false,71.07%
241,Filip Dewulf,Belgium,BEL,false,71.03%
242,Denis Istomin,Uzbekistan,UZB,true,71.03%
243,Stefano Pescosolido,Italy,ITA,false,70.97%
244,Christo Van Rensburg,South Africa,RSA,false,70.96%
245,Malek Jaziri,Tunisia,TUN,true,70.90%
246,Michael Berrer,Germany,GER,false,70.88%
247,Alex Calatrava,Spain,ESP,false,70.86%
248,Derrick Rostagno,United States,USA,false,70.85%
249,Karol Kucera,Slovakia,SVK,false,70.83%
250,Evgeny Korolev,Kazakhstan,KAZ,false,70.82%
251,Jordan Thompson,Australia,AUS,true,70.82%
252,Matthew Ebden,Australia,AUS,true,70.82%
253,Fernando Verdasco,Spain,ESP,true,70.82%
254,Horacio Zeballos,Argentina,ARG,true,70.78%
255,Aslan Karatsev,Russian Federation,RUS,true,70.72%
256,Karim Alami,Morocco,MAR,false,70.69%
257,Marcos Giron,United States,USA,true,70.67%
258,Illya Marchenko,Ukraine,UKR,true,70.64%
259,Arnaud Clement,France,FRA,false,70.63%
260,Vladimir Voltchkov,Belarus,BLR,false,70.60%
261,Laslo Djere,Serbia,SRB,true,70.58%
262,Thomaz Bellucci,Brazil,BRA,false,70.52%
263,Bernd Karbacher,Germany,GER,false,70.52%
264,Jonas Bjorkman,Sweden,SWE,false,70.51%
265,Simon Youl,Australia,AUS,false,70.48%
266,Igor Andreev,Russian Federation,RUS,false,70.47%
267,Andreas Seppi,Italy,ITA,true,70.43%
268,Henri Laaksonen,Switzerland,SUI,true,70.38%
269,Kei Nishikori,Japan,JPN,true,70.30%
270,Daniel Evans,United Kingdom,GBR,true,70.30%
271,James Ward,United Kingdom,GBR,false,70.29%
272,Ricardas Berankis,Lithuania,LTU,true,70.29%
273,Bobby Reynolds,United States,USA,false,70.27%
274,Hyeon Chung,"Korea, Republic of",KOR,true,70.27%
275,Rodolphe Gilbert,France,FRA,false,70.25%
276,Wally Masur,Australia,AUS,false,70.24%
277,Nicolas Lapentti,Ecuador,ECU,false,70.23%
278,Yen Hsun Lu,"Taiwan, Province of China",TPE,false,70.23%
279,Norbert Gombos,Slovakia,SVK,true,70.20%
280,Jeremy Bates,United Kingdom,GBR,false,70.20%
281,Davide Sanguinetti,Italy,ITA,false,70.11%
282,Marton Fucsovics,Hungary,HUN,true,70.09%
283,Teymuraz Gabashvili,Russian Federation,RUS,false,70.08%
284,Tommy Paul,United States,USA,true,70.07%
285,Marco Chiudinelli,Switzerland,SUI,false,70.05%
286,Evgeny Donskoy,Russian Federation,RUS,true,70.05%
287,Cameron Norrie,United Kingdom,GBR,true,69.98%
288,Nicolas Massu,Chile,CHI,false,69.96%
289,Alex De Minaur,Australia,AUS,true,69.96%
290,Kristian Pless,Denmark,DEN,false,69.95%
291,Alex Antonitsch,Austria,AUT,false,69.93%
292,Patrick Baur,Germany,GER,false,69.91%
293,Leander Paes,India,IND,false,69.90%
294,Maximilian Marterer,Germany,GER,true,69.88%
295,Roberto Bautista Agut,Spain,ESP,true,69.87%
296,Chris Pridham,Canada,CAN,false,69.85%
297,Jared Palmer,United States,USA,false,69.80%
298,Michiel Schapers,Netherlands,NED,false,69.78%
299,Jan Apell,Sweden,SWE,false,69.78%
300,Kevin Kim,United States,USA,false,69.77%
301,John Van Lottum,Netherlands,NED,false,69.76%
302,Amos Mansdorf,Israel,ISR,false,69.76%
303,Ruben Bemelmans,Belgium,BEL,false,69.76%
304,Joao Souza,Brazil,BRA,false,69.76%
305,Miomir Kecmanovic,Serbia,SRB,true,69.75%
306,Jurgen Melzer,Austria,AUT,false,69.74%
307,Gastao Elias,Portugal,POR,false,69.73%
308,Paul Haarhuis,Netherlands,NED,false,69.72%
309,Denis Kudla,United States,USA,true,69.72%
310,Sergi Bruguera,Spain,ESP,false,69.68%
311,Mariano Zabaleta,Argentina,ARG,false,69.68%
312,Michel Kratochvil,Switzerland,SUI,false,69.64%
313,Andreas Vinciguerra,Sweden,SWE,false,69.64%
314,Alex Corretja,Spain,ESP,false,69.63%
315,Neil Borwick,Australia,AUS,false,69.58%
316,Soon Woo Kwon,"Korea, Republic of",KOR,true,69.58%
317,Dennis Van Scheppingen,Netherlands,NED,false,69.57%
318,Olivier Delaitre,France,FRA,false,69.56%
319,Adrian Mannarino,France,FRA,true,69.54%
320,Joao Sousa,Portugal,POR,true,69.54%
321,Alexander Popp,Germany,GER,false,69.53%
322,Gaston Etlis,Argentina,ARG,false,69.49%
323,Mikhail Youzhny,Russian Federation,RUS,false,69.48%
324,Daniel Gimeno Traver,Spain,ESP,false,69.44%
325,Robby Ginepri,United States,USA,false,69.44%
326,Sebastian Korda,United States,USA,true,69.43%
327,Tommy Robredo,Spain,ESP,true,69.43%
328,Luis Horna,Peru,PER,false,69.43%
329,David Nalbandian,Argentina,ARG,false,69.42%
330,Chuck Adams,United States,USA,false,69.40%
331,Juan Carlos Ferrero,Spain,ESP,false,69.39%
332,Julien Benneteau,France,FRA,false,69.38%
333,Gilles Simon,France,FRA,true,69.37%
334,Andreas Beck,Germany,GER,false,69.36%
335,Carlos Alcaraz Garfia,Spain,ESP,true,69.34%
336,Carlos Costa,Spain,ESP,false,69.34%
337,Kristof Vliegen,Belgium,BEL,false,69.30%
338,Luiz Mattar,Brazil,BRA,false,69.29%
339,Pablo Carreno Busta,Spain,ESP,true,69.29%
340,Frederik Fetterlein,Denmark,DEN,false,69.28%
341,Michael Kohlmann,Germany,GER,false,69.27%
342,Edouard Roger Vasselin,France,FRA,false,69.25%
343,Guillermo Garcia Lopez,Spain,ESP,false,69.24%
344,Sjeng Schalken,Netherlands,NED,false,69.22%
345,Mischa Zverev,Germany,GER,false,69.22%
346,Tommy Ho,United States,USA,false,69.18%
347,Victor Hanescu,Romania,ROU,false,69.18%
348,Johan Van Herck,Belgium,BEL,false,69.16%
349,Chris Wilkinson,United Kingdom,GBR,false,69.15%
350,Martin Jaite,Argentina,ARG,false,69.15%
351,Marsel Ilhan,Turkey,TUR,false,69.15%
352,Steve Darcis,Belgium,BEL,false,69.15%
353,Mark Petchey,United Kingdom,GBR,false,69.14%
354,Thomas Muster,Austria,AUT,false,69.12%
355,Brian Baker,United States,USA,false,69.11%
356,Jiri Vanek,Czech Republic,CZE,false,69.10%
357,Jan Vacek,Czech Republic,CZE,false,69.10%
358,Stephane Robert,France,FRA,false,69.10%
359,Simone Bolelli,Italy,ITA,false,69.09%
360,Andrei Stoliarov,Russian Federation,RUS,false,69.07%
361,Alex Obrien,United States,USA,false,69.07%
362,Andrew Ilie,Australia,AUS,false,69.06%
363,Albert Montanes,Spain,ESP,false,69.04%
364,Federico Delbonis,Argentina,ARG,true,69.03%
365,Florian Mayer,Germany,GER,false,69.00%
366,Adrian Voinea,Romania,ROU,false,69.00%
367,Paolo Lorenzi,Italy,ITA,false,68.96%
368,Elias Ymer,Sweden,SWE,true,68.96%
369,Andrei Pavel,Romania,ROU,false,68.95%
370,Jan Kroslak,Slovakia,SVK,false,68.93%
371,Martin Klizan,Slovakia,SVK,false,68.92%
372,Christian Garin,Chile,CHI,true,68.90%
373,Fernando Meligeni,Brazil,BRA,false,68.90%
374,Lionel Roux,France,FRA,false,68.89%
375,Mackenzie Mcdonald,United States,USA,true,68.86%
376,Emil Ruusuvuori,Finland,FIN,true,68.86%
377,Ivo Minar,Czech Republic,CZE,false,68.81%
378,Harel Levy,Israel,ISR,false,68.80%
379,Todd Woodbridge,Australia,AUS,false,68.76%
380,Hicham Arazi,Morocco,MAR,false,68.72%
381,Marcel Granollers,Spain,ESP,true,68.72%
382,Mikael Tillstrom,Sweden,SWE,false,68.70%
383,Lukasz Kubot,Poland,POL,false,68.68%
384,David Ferrer,Spain,ESP,false,68.67%
385,Mariano Puerta,Argentina,ARG,false,68.67%
386,Jiri Novak,Czech Republic,CZE,false,68.66%
387,Guido Pella,Argentina,ARG,true,68.66%
388,Alexander Peya,Austria,AUT,false,68.65%
389,Filip Krajinovic,Serbia,SRB,true,68.64%
390,Brett Steven,New Zealand,NZL,false,68.63%
391,Noam Okun,Israel,ISR,false,68.62%
392,Aaron Krickstein,United States,USA,false,68.61%
393,Martin Lee,United Kingdom,GBR,false,68.58%
394,Mark Knowles,Bahamas,BAH,false,68.58%
395,Galo Blanco,Spain,ESP,false,68.57%
396,Ramon Delgado,Paraguay,PAR,false,68.45%
397,Rainer Schuettler,Germany,GER,false,68.38%
398,Emilio Benfele Alvarez,Spain,ESP,false,68.37%
399,Markus Hantschk,Germany,GER,false,68.36%
400,Peter Luczak,Australia,AUS,false,68.30%
401,Franco Squillari,Argentina,ARG,false,68.28%
402,Nikolay Davydenko,Russian Federation,RUS,false,68.27%
403,Santiago Giraldo,Colombia,COL,false,68.25%
404,Jaime Oncins,Brazil,BRA,false,68.24%
405,Andrey Golubev,Kazakhstan,KAZ,false,68.24%
406,Sargis Sargsian,Armenia,ARM,false,68.23%
407,Juan Balcells,Spain,ESP,false,68.18%
408,Magnus Gustafsson,Sweden,SWE,false,68.16%
409,Juan Ignacio Chela,Argentina,ARG,false,68.14%
410,Michael Joyce,United States,USA,false,68.13%
411,Lukas Dlouhy,Czech Republic,CZE,false,68.11%
412,Marco Cecchinato,Italy,ITA,true,68.08%
413,John Millman,Australia,AUS,true,68.07%
414,Bohdan Ulihrach,Czech Republic,CZE,false,68.04%
415,Yuichi Sugita,Japan,JPN,false,68.01%
416,Bjorn Phau,Germany,GER,false,68.00%
417,Guillermo Coria,Argentina,ARG,false,68.00%
418,Hyung Taik Lee,"Korea, Republic of",KOR,false,67.92%
419,Albert Portas,Spain,ESP,false,67.91%
420,Vincent Spadea,United States,USA,false,67.90%
421,Santiago Ventura,Spain,ESP,false,67.89%
422,Emilio Sanchez,Spain,ESP,false,67.87%
423,Juan Ignacio Londero,Argentina,ARG,true,67.86%
424,Marinko Matosevic,Australia,AUS,false,67.81%
425,Simon Greul,Germany,GER,false,67.80%
426,Jeff Tarango,United States,USA,false,67.79%
427,Jarkko Nieminen,Finland,FIN,false,67.73%
428,Albert Ramos,Spain,ESP,true,67.73%
429,Julian Alonso,Spain,ESP,false,67.73%
430,Dusan Lajovic,Serbia,SRB,true,67.73%
431,Jaume Munar,Spain,ESP,true,67.73%
432,Byron Black,Zimbabwe,ZIM,false,67.70%
433,Albert Costa,Spain,ESP,false,67.70%
434,Lorenzo Musetti,Italy,ITA,true,67.64%
435,Nikoloz Basilashvili,Georgia,GEO,true,67.63%
436,Tatsuma Ito,Japan,JPN,false,67.58%
437,Facundo Bagnis,Argentina,ARG,true,67.58%
438,Fabio Fognini,Italy,ITA,true,67.56%
439,Juan Albert Viloca Puig,Spain,ESP,false,67.54%
440,Irakli Labadze,Georgia,GEO,false,67.52%
441,Lars Burgsmuller,Germany,GER,false,67.52%
442,Dennis Novak,Austria,AUT,true,67.49%
443,Grant Stafford,South Africa,RSA,false,67.48%
444,Go Soeda,Japan,JPN,false,67.43%
445,Jesse Levine,Canada,CAN,false,67.38%
446,Tomas Behrend,Germany,GER,false,67.37%
447,Florent Serra,France,FRA,false,67.35%
448,Eduardo Schwank,Argentina,ARG,false,67.34%
449,Hernan Gumy,Argentina,ARG,false,67.34%
450,Donald Young,United States,USA,false,67.28%
451,Tomas Nydahl,Sweden,SWE,false,67.27%
452,Renzo Furlan,Italy,ITA,false,67.21%
453,Oliver Gross,Germany,GER,false,67.14%
454,Claudio Mezzadri,Switzerland,SUI,false,67.09%
455,Gaston Gaudio,Argentina,ARG,false,67.09%
456,Felix Mantilla,Spain,ESP,false,67.08%
457,Alberto Mancini,Argentina,ARG,false,67.03%
458,Mark Koevermans,Netherlands,NED,false,67.02%
459,Fabrice Santoro,France,FRA,false,67.01%
460,Tomas Zib,Czech Republic,CZE,false,66.98%
461,George Bastl,Switzerland,SUI,false,66.97%
462,Ruben Ramirez Hidalgo,Spain,ESP,false,66.91%
463,Javier Sanchez,Spain,ESP,false,66.88%
464,Ryan Sweeting,United States,USA,false,66.88%
465,Victor Estrella,Dominican Republic,DOM,false,66.87%
466,Olivier Mutis,France,FRA,false,66.85%
467,Jean Philippe Fleurian,France,FRA,false,66.82%
468,Somdev Devvarman,India,IND,false,66.81%
469,Wayne Odesnik,United States,USA,false,66.75%
470,Dominik Koepfer,Germany,GER,true,66.73%
471,Alejandro Falla,Colombia,COL,false,66.72%
472,Taro Daniel,Japan,JPN,true,66.72%
473,Carl Uwe Steeb,Germany,GER,false,66.69%
474,Flavio Saretta,Brazil,BRA,false,66.68%
475,Pere Riba,Spain,ESP,false,66.65%
476,Patrick McEnroe,United States,USA,false,66.62%
477,Jozef Kovalik,Slovakia,SVK,true,66.60%
478,Paul Capdeville,Chile,CHI,false,66.59%
479,Roberto Carballes Baena,Spain,ESP,true,66.57%
480,Mats Wilander,Sweden,SWE,false,66.56%
481,Dudi Sela,Israel,ISR,false,66.55%
482,Andrea Gaudenzi,Italy,ITA,false,66.54%
483,Cecil Mamiit,Philippines,PHI,false,66.51%
484,Boris Pashanski,Serbia,SRB,false,66.48%
485,Rogerio Dutra Silva,Brazil,BRA,false,66.47%
486,Danai Udomchoke,Thailand,THA,false,66.43%
487,Tim Smyczek,United States,USA,false,66.42%
488,Olivier Rochus,Belgium,BEL,false,66.40%
489,Michal Tabara,Czech Republic,CZE,false,66.32%
490,Mikhail Kukushkin,Kazakhstan,KAZ,true,66.32%
491,Thierry Ascione,France,FRA,false,66.31%
492,Marcos Ondruska,South Africa,RSA,false,66.28%
493,David Rikl,Czech Republic,CZE,false,66.19%
494,Stefan Koubek,Austria,AUT,false,66.07%
495,Fernando Vicente,Spain,ESP,false,65.98%
496,Denis Gremelmayr,Germany,GER,false,65.98%
497,Horst Skoff,Austria,AUT,false,65.96%
498,Jonas Svensson,Sweden,SWE,false,65.96%
499,Diego Sebastian Schwartzman,Argentina,ARG,true,65.93%
500,Andrei Cherkasov,Russian Federation,RUS,false,65.90%
501,Carlos Berlocq,Argentina,ARG,false,65.87%
502,Marcos Daniel,Brazil,BRA,false,65.85%
503,Jean Rene Lisnard,Monaco,MON,false,65.81%
504,Olivier Patience,France,FRA,false,65.80%
505,Radu Albot,"Moldova, Republic of",MDA,true,65.79%
506,Jaime Yzaga,Peru,PER,false,65.79%
507,Robbie Weiss,United States,USA,false,65.77%
508,Todd Witsken,United States,USA,false,65.75%
509,Blaz Kavcic,Slovenia,SLO,false,65.71%
510,Tobias Kamke,Germany,GER,false,65.52%
511,Potito Starace,Italy,ITA,false,65.52%
512,Doug Flach,United States,USA,false,65.46%
513,Pedro Martinez Portero,Spain,ESP,true,65.44%
514,Alberto Martin,Spain,ESP,false,65.42%
515,Gilad Bloom,Israel,ISR,false,65.39%
516,Francisco Clavet,Spain,ESP,false,65.34%
517,Salvatore Caruso,Italy,ITA,true,65.32%
518,Marcos Aurelio Gorriz,Spain,ESP,false,65.30%
519,Steve Campbell,United States,USA,false,65.23%
520,Damir Dzumhur,Bosnia and Herzegovina,BIH,true,65.12%
521,Juan Monaco,Argentina,ARG,false,65.12%
522,Jimmy Wang,"Taiwan, Province of China",TPE,false,65.10%
523,Cedrik Marcel Stebe,Germany,GER,true,65.04%
524,Nicolas Devilder,France,FRA,false,65.03%
525,Andrei Chesnokov,Russian Federation,RUS,false,65.00%
526,Igor Kunitsyn,Russian Federation,RUS,false,64.97%
527,Gabriel Markus,Argentina,ARG,false,64.96%
528,Paul Goldstein,United States,USA,false,64.95%
529,Christian Vinck,Germany,GER,false,64.93%
530,Arnaud Di Pasquale,France,FRA,false,64.92%
531,Andre Sa,Brazil,BRA,false,64.86%
532,David Sanchez,Spain,ESP,false,64.86%
533,Thomas Fabbiano,Italy,ITA,true,64.85%
534,Alejandro Davidovich Fokina,Spain,ESP,true,64.85%
535,Frederico Gil,Portugal,POR,false,64.79%
536,David Nainkin,South Africa,RSA,false,64.78%
537,Alex Bogomolov Jr,Russian Federation,RUS,false,64.77%
538,Christian Ruud,Norway,NOR,false,64.74%
539,Ricardo Mello,Brazil,BRA,false,64.69%
540,Christian Bergstrom,Sweden,SWE,false,64.69%
541,Michael Russell,United States,USA,false,64.68%
542,Ronald Agenor,United States,USA,false,64.64%
543,Pablo Andujar,Spain,ESP,true,64.63%
544,Luis Herrera,Mexico,MEX,false,64.59%
545,Markus Hipfl,Austria,AUT,false,64.56%
546,Tomas Carbonell,Spain,ESP,false,64.51%
547,Corentin Moutet,France,FRA,true,64.49%
548,Jan Hernych,Czech Republic,CZE,false,64.49%
549,Wayne Black,Zimbabwe,ZIM,false,64.47%
550,Slava Dosedel,Czech Republic,CZE,false,64.44%
551,Mikael Ymer,Sweden,SWE,true,64.42%
552,Nuno Marques,Portugal,POR,false,64.41%
553,Steve Bryan,United States,USA,false,64.36%
554,Oscar Hernandez,Spain,ESP,false,64.32%
555,Cristiano Caratti,Italy,ITA,false,64.18%
556,Brian Vahaly,United States,USA,false,64.16%
557,Dimitri Poliakov,Ukraine,UKR,false,64.07%
558,Joao Cunha Silva,Portugal,POR,false,63.92%
559,Christophe Rochus,Belgium,BEL,false,63.92%
560,Juan Antonio Marin,Costa Rica,CRC,false,63.88%
561,Sergio Roitman,Argentina,ARG,false,63.86%
562,Goran Prpic,Croatia,CRO,false,63.84%
563,Marcelo Filippini,Uruguay,URU,false,63.80%
564,Martin Vassallo Arguello,Argentina,ARG,false,63.73%
565,Yoshihito Nishioka,Japan,JPN,true,63.73%
566,Jan Hajek,Czech Republic,CZE,false,63.69%
567,Roberto Carretero,Spain,ESP,false,63.62%
568,Guillermo Perez Roldan,Argentina,ARG,false,63.41%
569,Jimmy Arias,United States,USA,false,63.17%
570,Alberto Berasategui,Spain,ESP,false,63.17%
571,Francisco Roig,Spain,ESP,false,63.15%
572,Federico Coria,Argentina,ARG,true,62.96%
573,Jimmy Connors,United States,USA,false,62.83%
574,Mauricio Hadad,Colombia,COL,false,62.60%
575,Maximo Gonzalez,Argentina,ARG,false,62.51%
576,Lars Jonsson,Sweden,SWE,false,62.46%
577,Jacobo Diaz,Spain,ESP,false,62.23%
578,Filippo Volandri,Italy,ITA,false,61.93%
579,Jordi Arrese,Spain,ESP,false,61.80%
580,Dinu Pescariu,Romania,ROU,false,61.51%
581,Roberto Azar,Argentina,ARG,false,61.50%
582,Thierry Champion,France,FRA,false,61.26%
583,Franco Davin,Argentina,ARG,false,60.93%
584,Gilbert Schaller,Austria,AUT,false,60.80%
585,Horacio De La Pena,Argentina,ARG,false,60.51%
586,Flavio Cipolla,Italy,ITA,false,59.17%
587,Frederic Fontang,France,FRA,false,59.04%
588,Bart Wuyts,Belgium,BEL,false,57.76%